{"directional_light":{"direction":[0.350156,0.562609,-0.748907],"background":{"enable":true,"diffuse":[1.0,0.9386859,0.9386859,1.0],"ambient":[0.0,0.0,0.0,1.0]},"character":{"enable":true,"diffuse":[1.0,0.9386859,0.9386859,1.0],"ambient":[0.01960665,0.01960665,0.01960665,1.0]}},"material":{"diffuse":[1.0,1.0,1.0,1.0],"ambient":[0.75294244,0.70110214,0.5775809,1.0],"emissive":[0.08437642,0.08437642,0.14126353,1.0]},"fog":{"enable":true,"near":5000.0,"far":20000.0,"color":[0.6866857,0.79129857,1.0,1.0]},"sky_box":{"scale":[3500.0,3500.0,3500.0],"gradient_level_upper":4,"gradient_level_lower":1,"gradient":[[0.00913411,0.066626176,0.39157313,1.0],[0.04373519,0.13563363,0.49102128,1.0],[0.11697096,0.21223061,0.49102128,1.0],[0.28314826,0.41788453,0.75294244,1.0],[0.6866857,0.79129857,1.0,1.0],[0.24228132,0.27889445,0.3419146,1.0]],"cloud_scale":[0.0,0.0],"cloud_height":0.0,"cloud_texture_scale":[0.0,0.0],"cloud_speed":[0.0,0.0],"cloud_texture_file":"\"d:/ymir","cloud_colors":[[0.0,0.0,0.0,0.0],[0.0,0.0,0.0,0.0]]}}