{"directional_light":{"direction":[0.350156,0.562609,-0.748907],"background":{"enable":true,"diffuse":[1.0,0.972549,0.972549,1.0],"ambient":[0.0,0.0,0.0,1.0]},"character":{"enable":true,"diffuse":[1.0,0.972549,0.972549,1.0],"ambient":[0.15,0.15,0.15,1.0]}},"material":{"diffuse":[1.0,1.0,1.0,1.0],"ambient":[0.882353,0.854902,0.784314,1.0],"emissive":[0.321569,0.321569,0.411765,1.0]},"fog":{"enable":true,"near":5000.0,"far":20000.0,"color":[0.847059,0.901961,1.0,1.0]},"sky_box":{"scale":[3500.0,3500.0,3500.0],"gradient_level_upper":4,"gradient_level_lower":1,"gradient":[[0.094118,0.286275,0.658824,0.0],[0.231373,0.403922,0.729412,0.0],[0.376471,0.498039,0.729412,0.0],[0.568627,0.678431,0.882353,0.0],[0.847059,0.901961,1.0,0.0]],"cloud_scale":[0.0,0.0],"cloud_height":0.0,"cloud_texture_scale":[0.0,0.0],"cloud_speed":[0.0,0.0],"cloud_texture_file":"\"d:/ymir","cloud_colors":[[0.0,0.0,0.0,0.0],[0.0,0.0,0.0,0.0]]}}