{"directional_light":{"direction":[0.350156,0.562609,-0.748907],"background":{"enable":true,"diffuse":[1.0,0.972549,0.972549,1.0],"ambient":[0.047059,0.086275,0.066667,1.0]},"character":{"enable":true,"diffuse":[1.0,0.972549,0.972549,1.0],"ambient":[0.197059,0.236275,0.216667,1.0]}},"material":{"diffuse":[1.0,1.0,1.0,1.0],"ambient":[0.882353,0.854902,0.784314,1.0],"emissive":[0.156863,0.164706,0.164706,1.0]},"fog":{"enable":true,"near":5000.0,"far":20000.0,"color":[0.556863,0.329412,0.329412,0.0]},"sky_box":{"scale":[3500.0,3500.0,3500.0],"gradient_level_upper":4,"gradient_level_lower":1,"cloud_scale":[0.0,0.0],"cloud_height":0.0,"cloud_texture_scale":[0.0,0.0],"cloud_speed":[0.0,0.0],"cloud_texture_file":"\"d:/ymir","cloud_colors":[[0.0,0.0,0.0,0.0],[0.0,0.0,0.0,0.0]],"cloud_gradient":[[0.0,0.0,0.0,0.0],[0.0,0.0,0.0,0.0],[0.0,0.0,0.0,0.0],[0.0,0.0,0.0,0.0],[0.0,0.0,0.0,0.0],[0.0,0.0,0.0,0.0],[0.0,0.0,0.0,0.0],[0.0,0.0,0.0,0.0],[0.0,0.0,0.0,0.0],[0.0,0.0,0.0,0.0]]}}