{"directional_light":{"direction":[0.596551,0.28178,-0.751483],"background":{"enable":true,"diffuse":[0.63759714,0.6583757,0.98225087,1.0],"ambient":[0.019382447,0.019382447,0.078187466,1.0]},"character":{"enable":true,"diffuse":[0.63759714,0.6583757,0.98225087,1.0],"ambient":[0.07275466,0.07275466,0.17870419,1.0]}},"material":{"diffuse":[1.0,0.9646871,0.9646871,1.0],"ambient":[0.63759714,0.6583757,0.98225087,1.0],"emissive":[0.3094691,0.31854683,0.79129857,1.0]},"fog":{"enable":true,"near":1.0,"far":40000.0,"color":[0.31398824,0.33245194,0.62396103,1.0]},"sky_box":{"scale":[3500.0,3500.0,3500.0],"gradient_level_upper":5,"gradient_level_lower":1,"gradient":[[0.00913411,0.00030356037,0.042311423,1.0],[0.027320847,0.0027317337,0.124771625,1.0],[0.034339946,0.008023258,0.12213896,1.0],[0.088655725,0.099898964,0.30054414,1.0],[0.31398824,0.33245194,0.62396103,1.0],[0.31398824,0.33245194,0.62396103,1.0]],"cloud_scale":[0.0,0.0],"cloud_height":0.0,"cloud_texture_scale":[0.0,0.0],"cloud_speed":[0.0,0.0],"cloud_texture_file":"\"d:/ymir","cloud_colors":[[0.0,0.0,0.0,0.0],[0.0,0.0,0.0,0.0]]}}