{"directional_light":{"direction":[0.350156,0.562609,-0.748907],"background":{"enable":true,"diffuse":[1.0,0.9386859,0.9386859,1.0],"ambient":[0.003676522,0.008023258,0.005605428,1.0]},"character":{"enable":true,"diffuse":[1.0,0.9386859,0.9386859,1.0],"ambient":[0.032195818,0.0455535,0.03853742,1.0]}},"material":{"diffuse":[1.0,1.0,1.0,1.0],"ambient":[0.75294244,0.70110214,0.5775809,1.0],"emissive":[0.021219075,0.023153396,0.023153396,1.0]},"fog":{"enable":true,"near":5000.0,"far":20000.0,"color":[0.10702292,0.15592684,0.12743777,1.0]},"sky_box":{"scale":[3500.0,3500.0,3500.0],"gradient_level_upper":4,"gradient_level_lower":1,"gradient":[[0.0021246902,0.023153396,0.027320847,1.0],[0.0021246902,0.023153396,0.027320847,1.0],[0.008023258,0.0512693,0.059511144,1.0],[0.13563363,0.26225105,0.25818285,1.0],[0.32314378,0.46778458,0.38642952,1.0],[0.049706638,0.08650036,0.0512693,1.0]],"cloud_scale":[0.0,0.0],"cloud_height":0.0,"cloud_texture_scale":[0.0,0.0],"cloud_speed":[0.0,0.0],"cloud_texture_file":"\"d:/ymir","cloud_colors":[[0.0,0.0,0.0,0.0],[0.0,0.0,0.0,0.0]]}}