{"directional_light":{"direction":[0.5,0.5,-0.5],"background":{"enable":true,"diffuse":[1.0,1.0,1.0,1.0],"ambient":[0.247059,0.313726,0.309804,1.0]},"character":{"enable":true,"diffuse":[1.0,1.0,1.0,1.0],"ambient":[0.397059,0.463726,0.459804,1.0]}},"material":{"diffuse":[1.0,1.0,1.0,1.0],"ambient":[0.803922,0.686275,0.576471,1.0],"emissive":[0.054902,0.0,0.0,1.0]},"fog":{"enable":true,"near":0.0,"far":30000.0,"color":[0.54902,0.466667,0.380392,1.0]},"sky_box":{"scale":[3500.0,3500.0,3500.0],"gradient_level_upper":4,"gradient_level_lower":1,"cloud_scale":[0.0,0.0],"cloud_height":0.0,"cloud_texture_scale":[0.0,0.0],"cloud_speed":[0.0,0.0],"cloud_texture_file":"\"d:/ymir","cloud_colors":[[0.0,0.0,0.0,0.0],[0.0,0.0,0.0,0.0]],"cloud_gradient":[[0.0,0.0,0.0,0.0],[0.0,0.0,0.0,0.0],[0.0,0.0,0.0,0.0],[0.0,0.0,0.0,0.0],[0.0,0.0,0.0,0.0],[0.0,0.0,0.0,0.0],[0.0,0.0,0.0,0.0],[0.0,0.0,0.0,0.0],[0.0,0.0,0.0,0.0],[0.0,0.0,0.0,0.0]]}}