{"directional_light":{"direction":[0.5,0.5,-0.5],"background":{"enable":true,"diffuse":[1.0,1.0,1.0,1.0],"ambient":[0.049706638,0.08022009,0.078187466,1.0]},"character":{"enable":true,"diffuse":[1.0,1.0,1.0,1.0],"ambient":[0.13081647,0.18198907,0.17870419,1.0]}},"material":{"diffuse":[1.0,1.0,1.0,1.0],"ambient":[0.6104964,0.42869127,0.2917711,1.0],"emissive":[0.004391445,0.0,0.0,1.0]},"fog":{"enable":true,"near":0.0,"far":300.0,"color":[0.26225105,0.1844753,0.11953833,1.0]},"sky_box":{"scale":[3500.0,3500.0,3500.0],"gradient_level_upper":4,"gradient_level_lower":1,"gradient":[[0.025186848,0.010329856,0.0024282509,1.0],[0.056128453,0.023153396,0.005605428,1.0],[0.09084152,0.042311423,0.012983022,1.0],[0.30054414,0.165132,0.07227174,1.0],[0.56471235,0.4507861,0.3515327,1.0],[0.13013619,0.033104762,0.028426114,1.0]],"cloud_scale":[2000.0,2000.0],"cloud_height":300.0,"cloud_texture_scale":[4.0,4.0],"cloud_speed":[0.01,0.01],"cloud_texture_file":"pack/environment/clouds_zone01.png","cloud_colors":[[0.0,0.0,0.0,0.0],[0.0,0.0,0.0,0.0]]}}