{"directional_light":{"direction":[0.350156,0.562609,-0.748907],"background":{"enable":true,"diffuse":[1.0,0.9386859,0.9386859,1.0],"ambient":[0.0,0.0,0.0,1.0]},"character":{"enable":true,"diffuse":[1.0,0.9386859,0.9386859,1.0],"ambient":[0.01960665,0.01960665,0.01960665,1.0]}},"material":{"diffuse":[1.0,1.0,1.0,1.0],"ambient":[0.75294244,0.70110214,0.5775809,1.0],"emissive":[0.08437642,0.08437642,0.14126353,1.0]},"fog":{"enable":true,"near":50.0,"far":200.0,"color":[0.0,0.0,0.0,1.0]},"sky_box":{"scale":[3500.0,3500.0,3500.0],"gradient_level_upper":1,"gradient_level_lower":1,"gradient":[[0.0,0.0,0.0,1.0],[0.0,0.0,0.0,1.0],[0.0,0.0,0.0,1.0],[0.0,0.0,0.0,1.0],[0.0,0.50707865,0.0,1.0],[0.0,1.0,0.0,1.0]],"cloud_scale":[2000.0,2000.0],"cloud_height":300.0,"cloud_texture_scale":[4.0,4.0],"cloud_speed":[0.004,0.004],"cloud_texture_file":"","cloud_colors":[[0.0,0.0,0.0,0.0],[0.0,0.0,0.0,0.0]]}}