{"directional_light":{"direction":[0.596551,0.28178,-0.751483],"background":{"enable":true,"diffuse":[1.0,1.0,1.0,1.0],"ambient":[0.0,0.0,0.0,1.0]},"character":{"enable":true,"diffuse":[1.0,1.0,1.0,1.0],"ambient":[0.01960665,0.01960665,0.01960665,1.0]}},"material":{"diffuse":[1.0,0.9646871,0.9646871,1.0],"ambient":[0.16202962,0.1094618,0.049706638,1.0],"emissive":[0.09305903,0.046665203,0.030713487,1.0]},"fog":{"enable":true,"near":0.02,"far":300.0,"color":[0.41254294,0.33245194,0.23455097,1.0]},"sky_box":{"scale":[3500.0,3500.0,3500.0],"gradient_level_upper":5,"gradient_level_lower":1,"gradient":[[0.00030356037,0.004777,0.14126353,1.0],[0.004777,0.012983022,0.21952593,1.0],[0.00913411,0.049706638,0.24620102,1.0],[0.00913411,0.11697096,0.24620102,1.0],[0.20155668,0.304987,0.33245194,1.0],[0.46207714,0.22696638,0.07036026,1.0]],"cloud_scale":[2000.0,2000.0],"cloud_height":300.0,"cloud_texture_scale":[5.0,5.0],"cloud_speed":[0.01,0.01],"cloud_texture_file":"D:/YmirWork/environment/clouds_zone05.png","cloud_colors":[[0.0,0.0,0.0,0.0],[0.0,0.0,0.0,0.0]]}}