{"directional_light":{"direction":[0.596551,0.28178,-0.751483],"background":{"enable":true,"diffuse":[1.0,1.0,1.0,1.0],"ambient":[0.0,0.0,0.0,1.0]},"character":{"enable":true,"diffuse":[1.0,1.0,1.0,1.0],"ambient":[0.15,0.15,0.15,1.0]}},"material":{"diffuse":[1.0,0.984314,0.984314,1.0],"ambient":[0.439216,0.364706,0.247059,1.0],"emissive":[0.337255,0.239216,0.192157,1.0]},"fog":{"enable":true,"near":2.0,"far":30000.0,"color":[0.67451,0.611765,0.521569,1.0]},"sky_box":{"scale":[3500.0,3500.0,3500.0],"gradient_level_upper":5,"gradient_level_lower":1,"gradient":[[0.003922,0.058824,0.411765,0.0],[0.058824,0.117647,0.505882,0.0],[0.094118,0.247059,0.533333,0.0],[0.094118,0.376471,0.533333,0.0],[0.486275,0.588235,0.611765,0.0]],"cloud_scale":[0.0,0.0],"cloud_height":0.0,"cloud_texture_scale":[0.0,0.0],"cloud_speed":[0.0,0.0],"cloud_texture_file":"\"D:\\Ymir","cloud_colors":[[0.0,0.0,0.0,0.0],[0.0,0.0,0.0,0.0]]}}