{"directional_light":{"direction":[0.596551,0.28178,-0.751483],"background":{"enable":true,"diffuse":[0.7379109,0.37123737,0.20507866,1.0],"ambient":[0.19461748,0.03688955,0.0027317337,1.0]},"character":{"enable":true,"diffuse":[0.7379109,0.37123737,0.20507866,1.0],"ambient":[0.3527454,0.10762995,0.028706295,1.0]}},"material":{"diffuse":[1.0,0.9646871,0.9646871,1.0],"ambient":[0.15592684,0.033104762,0.027320847,1.0],"emissive":[0.00091060373,0.00030356037,0.00030356037,1.0]},"fog":{"enable":true,"near":1.0,"far":30000.0,"color":[0.2961381,0.021219075,0.00182113,1.0]},"sky_box":{"scale":[3500.0,3500.0,3500.0],"gradient_level_upper":8,"gradient_level_lower":1,"gradient":[[0.013702151,0.0,0.0,1.0],[0.013702151,0.0,0.0,1.0],[0.009721184,0.0,0.0,1.0],[0.025186848,0.0,0.0,1.0],[0.011612258,0.0033465144,0.0,1.0],[0.009721184,0.00913411,0.0015176471,1.0]],"cloud_scale":[0.0,0.0],"cloud_height":0.0,"cloud_texture_scale":[0.0,0.0],"cloud_speed":[0.0,0.0],"cloud_texture_file":"\"d:/ymir","cloud_colors":[[0.0,0.0,0.0,0.0],[0.0,0.0,0.0,0.0]]}}