{"directional_light":{"direction":[0.350156,0.562609,-0.748907],"background":{"enable":true,"diffuse":[0.411765,0.364706,0.337255,1.0],"ambient":[0.0,0.0,0.0,1.0]},"character":{"enable":true,"diffuse":[0.411765,0.364706,0.337255,1.0],"ambient":[0.15,0.15,0.15,1.0]}},"material":{"diffuse":[1.0,1.0,1.0,1.0],"ambient":[0.411765,0.329412,0.27451,1.0],"emissive":[0.211765,0.2,0.184314,1.0]},"fog":{"enable":true,"near":5000.0,"far":20000.0,"color":[0.152941,0.145098,0.133333,1.0]},"sky_box":{"scale":[3500.0,3500.0,3500.0],"gradient_level_upper":4,"gradient_level_lower":1,"gradient":[[0.054902,0.031373,0.027451,0.0],[0.117647,0.07451,0.062745,0.0],[0.184314,0.117647,0.094118,0.0],[0.211765,0.184314,0.168627,0.0],[1.0,1.0,1.0,0.0]],"cloud_scale":[0.0,0.0],"cloud_height":0.0,"cloud_texture_scale":[0.0,0.0],"cloud_speed":[0.0,0.0],"cloud_texture_file":"\"D:\\YMIR","cloud_colors":[[0.0,0.0,0.0,0.0],[0.0,0.0,0.0,0.0]]}}