{"directional_light":{"direction":[0.5,0.5,-0.5],"background":{"enable":true,"diffuse":[0.858824,0.913725,0.992157,1.0],"ambient":[0.239216,0.364706,0.329412,1.0]},"character":{"enable":true,"diffuse":[0.858824,0.913725,0.992157,1.0],"ambient":[0.389216,0.514706,0.479412,1.0]}},"material":{"diffuse":[1.0,1.0,1.0,1.0],"ambient":[0.0,0.0,0.0,1.0],"emissive":[0.0,0.0,0.0,1.0]},"fog":{"enable":true,"near":20000.0,"far":50000.0,"color":[0.0,0.0,0.0,1.0]},"sky_box":{"scale":[3500.0,3500.0,3500.0],"gradient_level_upper":0,"gradient_level_lower":0,"cloud_scale":[0.0,0.0],"cloud_height":0.0,"cloud_texture_scale":[0.0,0.0],"cloud_speed":[0.0,0.0],"cloud_texture_file":"\"\"","cloud_colors":[[0.0,0.0,0.0,0.0],[0.0,0.0,0.0,0.0]],"cloud_gradient":[[0.0,0.0,0.0,0.0],[0.0,0.0,0.0,0.0],[0.0,0.0,0.0,0.0],[0.0,0.0,0.0,0.0],[0.0,0.0,0.0,0.0],[0.0,0.0,0.0,0.0],[0.0,0.0,0.0,0.0],[0.0,0.0,0.0,0.0],[0.0,0.0,0.0,0.0],[0.0,0.0,0.0,0.0]]}}