{"directional_light":{"direction":[0.5,0.5,-0.5],"background":{"enable":true,"diffuse":[0.70837677,0.8148458,0.98225087,1.0],"ambient":[0.046665203,0.1094618,0.088655725,1.0]},"character":{"enable":true,"diffuse":[0.70837677,0.8148458,0.98225087,1.0],"ambient":[0.12543543,0.22790617,0.19547755,1.0]}},"material":{"diffuse":[1.0,1.0,1.0,1.0],"ambient":[0.0,0.0,0.0,1.0],"emissive":[0.0,0.0,0.0,1.0]},"fog":{"enable":true,"near":200.0,"far":500.0,"color":[0.0,0.0,0.0,1.0]},"sky_box":{"scale":[3500.0,3500.0,3500.0],"gradient_level_upper":0,"gradient_level_lower":0,"gradient":[[0.0,0.0,0.0,0.0],[0.0,0.0,0.0,0.0],[0.0,0.0,0.0,0.0],[0.0,0.0,0.0,0.0],[0.0,0.0,0.0,0.0],[0.0,0.0,0.0,0.0]],"cloud_scale":[2000.0,2000.0],"cloud_height":300.0,"cloud_texture_scale":[4.0,4.0],"cloud_speed":[0.001,0.001],"cloud_texture_file":"","cloud_colors":[[0.0,0.0,0.0,0.0],[0.0,0.0,0.0,0.0]]}}