{"directional_light":{"direction":[0.596551,0.28178,-0.751483],"background":{"enable":true,"diffuse":[1.0,1.0,1.0,1.0],"ambient":[0.0,0.0,0.0,1.0]},"character":{"enable":true,"diffuse":[1.0,1.0,1.0,1.0],"ambient":[0.15,0.15,0.15,1.0]}},"material":{"diffuse":[1.0,0.984314,0.984314,1.0],"ambient":[0.439216,0.368627,0.247059,1.0],"emissive":[0.341176,0.243137,0.196078,1.0]},"fog":{"enable":true,"near":2.0,"far":30000.0,"color":[0.709804,0.513726,0.294118,1.0]},"sky_box":{"scale":[3500.0,3500.0,3500.0],"gradient_level_upper":5,"gradient_level_lower":1,"cloud_scale":[0.0,0.0],"cloud_height":0.0,"cloud_texture_scale":[0.0,0.0],"cloud_speed":[0.0,0.0],"cloud_texture_file":"\"d:/ymir","cloud_colors":[[0.0,0.0,0.0,0.0],[0.0,0.0,0.0,0.0]],"cloud_gradient":[[0.0,0.0,0.0,0.0],[0.0,0.0,0.0,0.0],[0.0,0.0,0.0,0.0],[0.0,0.0,0.0,0.0],[0.0,0.0,0.0,0.0],[0.0,0.0,0.0,0.0],[0.0,0.0,0.0,0.0],[0.0,0.0,0.0,0.0],[0.0,0.0,0.0,0.0],[0.0,0.0,0.0,0.0]]}}