{"directional_light":{"direction":[0.596551,0.28178,-0.751483],"background":{"enable":true,"diffuse":[0.87451,0.643137,0.490196,1.0],"ambient":[0.478431,0.211765,0.035294,1.0]},"character":{"enable":true,"diffuse":[0.87451,0.643137,0.490196,1.0],"ambient":[0.628431,0.361765,0.185294,1.0]}},"material":{"diffuse":[1.0,0.984314,0.984314,1.0],"ambient":[0.431373,0.2,0.180392,1.0],"emissive":[0.011765,0.003922,0.003922,1.0]},"fog":{"enable":true,"near":1.0,"far":30000.0,"color":[0.580392,0.156863,0.023529,1.0]},"sky_box":{"scale":[3500.0,3500.0,3500.0],"gradient_level_upper":8,"gradient_level_lower":1,"cloud_scale":[0.0,0.0],"cloud_height":0.0,"cloud_texture_scale":[0.0,0.0],"cloud_speed":[0.0,0.0],"cloud_texture_file":"\"d:/ymir","cloud_colors":[[0.0,0.0,0.0,0.0],[0.0,0.0,0.0,0.0]],"cloud_gradient":[[0.0,0.0,0.0,0.0],[0.0,0.0,0.0,0.0],[0.0,0.0,0.0,0.0],[0.0,0.0,0.0,0.0],[0.0,0.0,0.0,0.0],[0.0,0.0,0.0,0.0],[0.0,0.0,0.0,0.0],[0.0,0.0,0.0,0.0],[0.0,0.0,0.0,0.0],[0.0,0.0,0.0,0.0]]}}