{"directional_light":{"direction":[0.350156,0.562609,-0.748907],"background":{"enable":true,"diffuse":[0.14126353,0.1094618,0.09305903,1.0],"ambient":[0.0,0.0,0.0,1.0]},"character":{"enable":true,"diffuse":[0.14126353,0.1094618,0.09305903,1.0],"ambient":[0.01960665,0.01960665,0.01960665,1.0]}},"material":{"diffuse":[1.0,1.0,1.0,1.0],"ambient":[0.14126353,0.088655725,0.06124614,1.0],"emissive":[0.03688955,0.033104762,0.028426114,1.0]},"fog":{"enable":true,"near":50.0,"far":200.0,"color":[0.02028852,0.01850021,0.015996225,1.0]},"sky_box":{"scale":[3500.0,3500.0,3500.0],"gradient_level_upper":4,"gradient_level_lower":1,"gradient":[[0.004391445,0.0024282509,0.0021246902,1.0],[0.012983022,0.006512114,0.0051815053,1.0],[0.028426114,0.012983022,0.00913411,1.0],[0.03688955,0.028426114,0.024157517,1.0],[1.0,1.0,1.0,1.0],[1.0,0.6653872,0.1441283,1.0]],"cloud_scale":[2000.0,2000.0],"cloud_height":300.0,"cloud_texture_scale":[4.0,4.0],"cloud_speed":[0.003,0.003],"cloud_texture_file":"pack/environment/clouds_zone02.png","cloud_colors":[[0.0,0.0,0.0,0.0],[0.0,0.0,0.0,0.0]]}}