{"directional_light":{"direction":[0.350156,0.562609,-0.748907],"background":{"enable":true,"diffuse":[1.0,0.972549,0.972549,1.0],"ambient":[0.0,0.0,0.0,1.0]},"character":{"enable":true,"diffuse":[1.0,0.972549,0.972549,1.0],"ambient":[0.15,0.15,0.15,1.0]}},"material":{"diffuse":[1.0,0.835294,0.643137,1.0],"ambient":[1.0,0.886275,0.784314,1.0],"emissive":[0.219608,0.219608,0.219608,1.0]},"fog":{"enable":true,"near":5000.0,"far":20000.0,"color":[0.556863,0.329412,0.329412,0.0]},"sky_box":{"scale":[3500.0,3500.0,3500.0],"gradient_level_upper":2,"gradient_level_lower":2,"cloud_scale":[0.0,0.0],"cloud_height":0.0,"cloud_texture_scale":[0.0,0.0],"cloud_speed":[0.0,0.0],"cloud_texture_file":"\"\"","cloud_colors":[[0.0,0.0,0.0,0.0],[0.0,0.0,0.0,0.0]],"cloud_gradient":[[0.0,0.0,0.0,0.0],[0.0,0.0,0.0,0.0],[0.0,0.0,0.0,0.0],[0.0,0.0,0.0,0.0],[0.0,0.0,0.0,0.0],[0.0,0.0,0.0,0.0],[0.0,0.0,0.0,0.0],[0.0,0.0,0.0,0.0],[0.0,0.0,0.0,0.0],[0.0,0.0,0.0,0.0]]}}