{"directional_light":{"direction":[0.350156,0.562609,-0.748907],"background":{"enable":true,"diffuse":[1.0,0.9386859,0.9386859,1.0],"ambient":[0.0,0.0,0.0,1.0]},"character":{"enable":true,"diffuse":[1.0,0.9386859,0.9386859,1.0],"ambient":[0.01960665,0.01960665,0.01960665,1.0]}},"material":{"diffuse":[1.0,0.6653872,0.37123737,1.0],"ambient":[1.0,0.76052547,0.5775809,1.0],"emissive":[0.03954628,0.03954628,0.03954628,1.0]},"fog":{"enable":true,"near":5000.0,"far":20000.0,"color":[0.008023258,0.010329856,0.023153396,1.0]},"sky_box":{"scale":[3500.0,3500.0,3500.0],"gradient_level_upper":2,"gradient_level_lower":2,"gradient":[[0.011612258,0.015208561,0.03688955,1.0],[0.012286402,0.015996225,0.03688955,1.0],[0.012286402,0.015996225,0.03688955,1.0],[0.012286402,0.015996225,0.03688955,1.0],[0.0,0.0,0.0,1.0],[0.0,0.0,0.0,1.0]],"cloud_scale":[0.0,0.0],"cloud_height":0.0,"cloud_texture_scale":[0.0,0.0],"cloud_speed":[0.0,0.0],"cloud_texture_file":"\"\"","cloud_colors":[[0.0,0.0,0.0,0.0],[0.0,0.0,0.0,0.0]]}}