{"directional_light":{"direction":[0.596551,0.28178,-0.751483],"background":{"enable":true,"diffuse":[0.59061915,0.39157313,0.28314826,1.0],"ambient":[0.5775809,0.43965778,0.33245194,1.0]},"character":{"enable":true,"diffuse":[0.59061915,0.39157313,0.28314826,1.0],"ambient":[0.8570303,0.68132484,0.5410373,1.0]}},"material":{"diffuse":[1.0,0.9646871,0.9646871,1.0],"ambient":[0.1094618,0.1094618,0.1094618,1.0],"emissive":[0.0,0.0,0.0,1.0]},"fog":{"enable":true,"near":0.01,"far":500.0,"color":[0.79129857,0.6104964,0.41254294,1.0]},"sky_box":{"scale":[3500.0,3500.0,3500.0],"gradient_level_upper":5,"gradient_level_lower":1,"gradient":[[0.028426114,0.004777,0.0015176471,1.0],[0.059511144,0.009721184,0.003676522,1.0],[0.10461665,0.019382447,0.008023258,1.0],[0.15592684,0.054480467,0.03820428,1.0],[0.25415164,0.16202962,0.078187466,1.0],[0.6795422,0.584078,0.47353145,1.0]],"cloud_scale":[2000.0,2000.0],"cloud_height":300.0,"cloud_texture_scale":[5.0,5.0],"cloud_speed":[0.01,0.01],"cloud_texture_file":"pack/environment/clouds_zone01.png","cloud_colors":[[0.0,0.0,0.0,0.0],[0.0,0.0,0.0,0.0]]}}