{"directional_light":{"direction":[0.596551,0.28178,-0.751483],"background":{"enable":true,"diffuse":[0.792157,0.658824,0.568627,1.0],"ambient":[0.784314,0.694118,0.611765,1.0]},"character":{"enable":true,"diffuse":[0.792157,0.658824,0.568627,1.0],"ambient":[0.934314,0.844118,0.761765,1.0]}},"material":{"diffuse":[1.0,0.984314,0.984314,1.0],"ambient":[0.364706,0.364706,0.364706,1.0],"emissive":[0.0,0.0,0.0,1.0]},"fog":{"enable":true,"near":1.0,"far":50000.0,"color":[0.901961,0.803922,0.67451,1.0]},"sky_box":{"scale":[3500.0,3500.0,3500.0],"gradient_level_upper":5,"gradient_level_lower":1,"gradient":[[0.184314,0.058824,0.019608,0.0],[0.270588,0.098039,0.047059,0.0],[0.356863,0.14902,0.086275,0.0],[0.431373,0.258824,0.215686,0.0],[0.541176,0.439216,0.309804,0.0]],"cloud_scale":[0.0,0.0],"cloud_height":0.0,"cloud_texture_scale":[0.0,0.0],"cloud_speed":[0.0,0.0],"cloud_texture_file":"\"d:/ymir","cloud_colors":[[0.0,0.0,0.0,0.0],[0.0,0.0,0.0,0.0]]}}