{"directional_light":{"direction":[0.33981,0.092631,-0.935921],"background":{"enable":true,"diffuse":[0.031373,0.247059,0.05098,1.0],"ambient":[0.0,0.0,0.0,1.0]},"character":{"enable":true,"diffuse":[0.031373,0.247059,0.05098,1.0],"ambient":[0.15,0.15,0.15,1.0]}},"material":{"diffuse":[0.694118,0.694118,0.694118,1.0],"ambient":[0.882353,0.854902,0.784314,1.0],"emissive":[0.545098,0.376471,0.239216,1.0]},"fog":{"enable":true,"near":5000.0,"far":20000.0,"color":[0.0,0.0,0.0,1.0]},"sky_box":{"scale":[3500.0,3500.0,3500.0],"gradient_level_upper":1,"gradient_level_lower":1,"gradient":[[0.0,0.0,0.0,0.0],[0.0,0.0,0.0,0.0],[0.0,0.0,0.0,0.0],[0.0,0.0,0.0,0.0],[0.0,0.74,0.0,0.0]],"cloud_scale":[0.0,0.0],"cloud_height":0.0,"cloud_texture_scale":[0.0,0.0],"cloud_speed":[0.0,0.0],"cloud_texture_file":"\"\"","cloud_colors":[[0.0,0.0,0.0,0.0],[0.0,0.0,0.0,0.0]]}}