{"directional_light":{"direction":[0.33981,0.092631,-0.935921],"background":{"enable":true,"diffuse":[0.301961,0.160784,0.160784,1.0],"ambient":[0.0,0.0,0.0,1.0]},"character":{"enable":true,"diffuse":[0.301961,0.160784,0.160784,1.0],"ambient":[0.15,0.15,0.15,1.0]}},"material":{"diffuse":[0.847059,0.431373,0.431373,1.0],"ambient":[0.882353,0.854902,0.784314,1.0],"emissive":[0.341176,0.188235,0.490196,1.0]},"fog":{"enable":true,"near":5000.0,"far":20000.0,"color":[0.0,0.0,0.0,1.0]},"sky_box":{"scale":[3500.0,3500.0,3500.0],"gradient_level_upper":1,"gradient_level_lower":1,"cloud_scale":[0.0,0.0],"cloud_height":0.0,"cloud_texture_scale":[0.0,0.0],"cloud_speed":[0.0,0.0],"cloud_texture_file":"\"\"","cloud_colors":[[0.0,0.0,0.0,0.0],[0.0,0.0,0.0,0.0]],"cloud_gradient":[[0.0,0.0,0.0,0.0],[0.0,0.0,0.0,0.0],[0.0,0.0,0.0,0.0],[0.0,0.0,0.0,0.0],[0.0,0.0,0.0,0.0],[0.0,0.0,0.0,0.0],[0.0,0.0,0.0,0.0],[0.0,0.0,0.0,0.0],[0.0,0.0,0.0,0.0],[0.0,0.0,0.0,0.0]]}}