{"directional_light":{"direction":[0.33981,0.092631,-0.935921],"background":{"enable":true,"diffuse":[0.07421369,0.02217381,0.02217381,1.0],"ambient":[0.0,0.0,0.0,1.0]},"character":{"enable":true,"diffuse":[0.07421369,0.02217381,0.02217381,1.0],"ambient":[0.01960665,0.01960665,0.01960665,1.0]}},"material":{"diffuse":[0.6866857,0.15592684,0.15592684,1.0],"ambient":[0.75294244,0.70110214,0.5775809,1.0],"emissive":[0.09530721,0.029556746,0.20507866,1.0]},"fog":{"enable":true,"near":5000.0,"far":20000.0,"color":[0.0,0.0,0.0,1.0]},"sky_box":{"scale":[3500.0,3500.0,3500.0],"gradient_level_upper":1,"gradient_level_lower":1,"gradient":[[0.0,0.0,0.0,1.0],[0.0,0.0,0.0,1.0],[0.0,0.0,0.0,1.0],[0.0,0.0,0.0,1.0],[0.0,0.50707865,0.0,1.0],[0.0,1.0,0.0,1.0]],"cloud_scale":[0.0,0.0],"cloud_height":0.0,"cloud_texture_scale":[0.0,0.0],"cloud_speed":[0.0,0.0],"cloud_texture_file":"\"\"","cloud_colors":[[0.0,0.0,0.0,0.0],[0.0,0.0,0.0,0.0]]}}