{"directional_light":{"direction":[0.350156,0.562609,-0.748907],"background":{"enable":true,"diffuse":[0.25098,0.25098,0.333333,1.0],"ambient":[0.0,0.0,0.0,1.0]},"character":{"enable":true,"diffuse":[0.47451,0.47451,0.592157,1.0],"ambient":[0.15,0.15,0.15,1.0]}},"material":{"diffuse":[1.0,1.0,1.0,1.0],"ambient":[0.129412,0.129412,0.156863,1.0],"emissive":[0.207843,0.223529,0.270588,1.0]},"fog":{"enable":true,"near":5000.0,"far":20000.0,"color":[0.121569,0.121569,0.156863,1.0]},"sky_box":{"scale":[3500.0,3500.0,3500.0],"gradient_level_upper":4,"gradient_level_lower":1,"gradient":[[0.101961,0.0,0.27451,0.0],[0.082353,0.0,0.235294,0.0],[0.109804,0.003922,0.2,0.0],[0.066667,0.094118,0.231373,0.0],[0.431373,0.34902,0.211765,0.0]],"cloud_scale":[0.0,0.0],"cloud_height":0.0,"cloud_texture_scale":[0.0,0.0],"cloud_speed":[0.0,0.0],"cloud_texture_file":"\"D:\\YMIR","cloud_colors":[[0.0,0.0,0.0,0.0],[0.0,0.0,0.0,0.0]]}}