{"directional_light":{"direction":[0.350156,0.562609,-0.748907],"background":{"enable":true,"diffuse":[0.0512693,0.0512693,0.09084152,1.0],"ambient":[0.0,0.0,0.0,1.0]},"character":{"enable":true,"diffuse":[0.19120188,0.19120188,0.3094691,1.0],"ambient":[0.01960665,0.01960665,0.01960665,1.0]}},"material":{"diffuse":[1.0,1.0,1.0,1.0],"ambient":[0.015208561,0.015208561,0.021219075,1.0],"emissive":[0.035601273,0.040915042,0.059511144,1.0]},"fog":{"enable":true,"near":50.0,"far":200.0,"color":[0.013702151,0.013702151,0.021219075,1.0]},"sky_box":{"scale":[3500.0,3500.0,3500.0],"gradient_level_upper":4,"gradient_level_lower":1,"gradient":[[0.010329856,0.0,0.06124614,1.0],[0.00749904,0.0,0.045186155,1.0],[0.011612258,0.00030356037,0.033104762,1.0],[0.005605428,0.00913411,0.04373519,1.0],[0.15592684,0.099898964,0.03688955,1.0],[0.028426114,0.0015176471,0.0015176471,1.0]],"cloud_scale":[2000.0,2000.0],"cloud_height":300.0,"cloud_texture_scale":[4.0,4.0],"cloud_speed":[0.003,0.003],"cloud_texture_file":"D:/YMIRWORK/environment/clouds_zone02.TGA","cloud_colors":[[0.0,0.0,0.0,0.0],[0.0,0.0,0.0,0.0]]}}