{"directional_light":{"direction":[0.596551,0.28178,-0.751483],"background":{"enable":true,"diffuse":[0.658824,0.658824,0.658824,1.0],"ambient":[0.270588,0.278431,0.298039,1.0]},"character":{"enable":true,"diffuse":[0.658824,0.658824,0.658824,1.0],"ambient":[0.420588,0.428431,0.448039,1.0]}},"material":{"diffuse":[1.0,0.984314,0.984314,1.0],"ambient":[0.670588,0.666667,0.67451,1.0],"emissive":[0.203922,0.203922,0.215686,1.0]},"fog":{"enable":true,"near":1.0,"far":40000.0,"color":[0.090196,0.164706,0.270588,0.0]},"sky_box":{"scale":[3500.0,3500.0,3500.0],"gradient_level_upper":5,"gradient_level_lower":1,"cloud_scale":[0.0,0.0],"cloud_height":0.0,"cloud_texture_scale":[0.0,0.0],"cloud_speed":[0.0,0.0],"cloud_texture_file":"\"d:/ymir","cloud_colors":[[0.0,0.0,0.0,0.0],[0.0,0.0,0.0,0.0]],"cloud_gradient":[[0.0,0.0,0.0,0.0],[0.0,0.0,0.0,0.0],[0.0,0.0,0.0,0.0],[0.0,0.0,0.0,0.0],[0.0,0.0,0.0,0.0],[0.0,0.0,0.0,0.0],[0.0,0.0,0.0,0.0],[0.0,0.0,0.0,0.0],[0.0,0.0,0.0,0.0],[0.0,0.0,0.0,0.0]]}}