{"directional_light":{"direction":[0.596551,0.28178,-0.751483],"background":{"enable":true,"diffuse":[0.5332768,0.4793208,0.46778458,1.0],"ambient":[0.22696638,0.22696638,0.3419146,1.0]},"character":{"enable":true,"diffuse":[0.5332768,0.4793208,0.46778458,1.0],"ambient":[0.39805657,0.39805657,0.55359006,1.0]}},"material":{"diffuse":[0.22322804,0.15592684,0.32777792,1.0],"ambient":[0.09305903,0.078187466,0.078187466,1.0],"emissive":[0.00091060373,0.00030356037,0.00030356037,1.0]},"fog":{"enable":false,"near":0.01,"far":200.0,"color":[0.0,0.0,0.0,1.0]},"sky_box":{"scale":[3500.0,3500.0,3500.0],"gradient_level_upper":1,"gradient_level_lower":1,"gradient":[[0.0,0.0,0.0,1.0],[0.0,0.0,0.0,1.0],[0.0,0.0,0.0,1.0],[0.0,0.0,0.0,1.0],[0.0,0.50707865,0.0,1.0],[0.0,1.0,0.0,1.0]],"cloud_scale":[2000.0,2000.0],"cloud_height":300.0,"cloud_texture_scale":[5.0,5.0],"cloud_speed":[0.01,0.01],"cloud_texture_file":"pack/environment/blackout.png","cloud_colors":[[0.0,0.0,0.0,0.0],[0.0,0.0,0.0,0.0]]}}