{"directional_light":{"direction":[0.596551,0.28178,-0.751483],"background":{"enable":true,"diffuse":[0.658824,0.658824,0.658824,1.0],"ambient":[0.266667,0.27451,0.294118,1.0]},"character":{"enable":true,"diffuse":[0.658824,0.658824,0.658824,1.0],"ambient":[0.416667,0.42451,0.444118,1.0]}},"material":{"diffuse":[1.0,0.984314,0.984314,1.0],"ambient":[0.666667,0.666667,0.67451,1.0],"emissive":[0.203922,0.203922,0.211765,1.0]},"fog":{"enable":true,"near":1.0,"far":40000.0,"color":[0.682353,0.686275,0.729412,1.0]},"sky_box":{"scale":[3500.0,3500.0,3500.0],"gradient_level_upper":5,"gradient_level_lower":1,"gradient":[[0.039216,0.176471,0.34902,0.0],[0.039216,0.176471,0.352941,0.0],[0.094118,0.188235,0.305882,0.0],[0.133333,0.196078,0.368627,0.0],[0.290196,0.352941,0.513726,0.0]],"cloud_scale":[0.0,0.0],"cloud_height":0.0,"cloud_texture_scale":[0.0,0.0],"cloud_speed":[0.0,0.0],"cloud_texture_file":"\"D:\\ymir","cloud_colors":[[0.0,0.0,0.0,0.0],[0.0,0.0,0.0,0.0]]}}