{"directional_light":{"direction":[0.596551,0.28178,-0.751483],"background":{"enable":true,"diffuse":[0.39157313,0.39157313,0.39157313,1.0],"ambient":[0.057805583,0.06124614,0.07036026,1.0]},"character":{"enable":true,"diffuse":[0.39157313,0.39157313,0.39157313,1.0],"ambient":[0.1448503,0.15069836,0.16591355,1.0]}},"material":{"diffuse":[1.0,0.9646871,0.9646871,1.0],"ambient":[0.40197828,0.40197828,0.41254294,1.0],"emissive":[0.034339946,0.034339946,0.03688955,1.0]},"fog":{"enable":true,"near":0.01,"far":400.0,"color":[0.42326784,0.42869127,0.49102128,1.0]},"sky_box":{"scale":[3500.0,3500.0,3500.0],"gradient_level_upper":5,"gradient_level_lower":1,"gradient":[[0.0030352941,0.026241334,0.099898964,1.0],[0.0030352941,0.026241334,0.102241635,1.0],[0.00913411,0.029556746,0.07618522,1.0],[0.015996225,0.031895906,0.11193216,1.0],[0.06847814,0.102241635,0.22696638,1.0],[0.42326784,0.43415353,0.49102128,1.0]],"cloud_scale":[2800.0,2800.0],"cloud_height":300.0,"cloud_texture_scale":[5.0,5.0],"cloud_speed":[0.01,0.01],"cloud_texture_file":"pack/environment/clouds_zone05.png","cloud_colors":[[0.0,0.0,0.0,0.0],[0.0,0.0,0.0,0.0]]}}