{"directional_light":{"direction":[0.596551,0.28178,-0.751483],"background":{"enable":true,"diffuse":[0.756863,0.721569,0.713726,1.0],"ambient":[0.513726,0.513726,0.619608,1.0]},"character":{"enable":true,"diffuse":[0.756863,0.721569,0.713726,1.0],"ambient":[0.663725,0.663725,0.769608,1.0]}},"material":{"diffuse":[1.0,0.984314,0.984314,1.0],"ambient":[0.337255,0.309804,0.309804,1.0],"emissive":[0.011765,0.003922,0.003922,1.0]},"fog":{"enable":false,"near":1.0,"far":20000.0,"color":[0.0,0.0,0.0,1.0]},"sky_box":{"scale":[3500.0,3500.0,3500.0],"gradient_level_upper":1,"gradient_level_lower":1,"cloud_scale":[0.0,0.0],"cloud_height":0.0,"cloud_texture_scale":[0.0,0.0],"cloud_speed":[0.0,0.0],"cloud_texture_file":"\"d:/ymir","cloud_colors":[[0.0,0.0,0.0,0.0],[0.0,0.0,0.0,0.0]],"cloud_gradient":[[0.0,0.0,0.0,0.0],[0.0,0.0,0.0,0.0],[0.0,0.0,0.0,0.0],[0.0,0.0,0.0,0.0],[0.0,0.0,0.0,0.0],[0.0,0.0,0.0,0.0],[0.0,0.0,0.0,0.0],[0.0,0.0,0.0,0.0],[0.0,0.0,0.0,0.0],[0.0,0.0,0.0,0.0]]}}