{"directional_light":{"direction":[0.350156,0.562609,-0.748907],"background":{"enable":true,"diffuse":[1.0,0.9386859,0.9386859,1.0],"ambient":[0.0,0.0,0.0,1.0]},"character":{"enable":true,"diffuse":[1.0,0.9386859,0.9386859,1.0],"ambient":[0.01960665,0.01960665,0.01960665,1.0]}},"material":{"diffuse":[0.38642952,0.25415164,0.165132,1.0],"ambient":[0.75294244,0.70110214,0.5775809,1.0],"emissive":[0.07036026,0.03820428,0.031895906,1.0]},"fog":{"enable":true,"near":50.0,"far":200.0,"color":[0.35640073,0.32777792,0.2961381,1.0]},"sky_box":{"scale":[3500.0,3500.0,3500.0],"gradient_level_upper":4,"gradient_level_lower":1,"gradient":[[0.00913411,0.066626176,0.39157313,1.0],[0.04373519,0.13563363,0.49102128,1.0],[0.11697096,0.21223061,0.49102128,1.0],[0.28314826,0.41788453,0.75294244,1.0],[0.6938711,0.79129857,1.0,1.0],[0.24620102,0.27889445,0.34670362,1.0]],"cloud_scale":[2000.0,2000.0],"cloud_height":300.0,"cloud_texture_scale":[4.0,4.0],"cloud_speed":[0.004,0.004],"cloud_texture_file":"pack/environment/clouds_zone01.png","cloud_colors":[[0.0,0.0,0.0,0.0],[0.0,0.0,0.0,0.0]]}}