{"directional_light":{"direction":[0.596551,0.28178,-0.751483],"background":{"enable":true,"diffuse":[0.36625302,0.2961381,0.2961381,1.0],"ambient":[0.16826953,0.08650036,0.08650036,1.0]},"character":{"enable":true,"diffuse":[0.36625302,0.2961381,0.2961381,1.0],"ambient":[0.31512493,0.19205225,0.19205225,1.0]}},"material":{"diffuse":[1.0,0.9646871,0.9646871,1.0],"ambient":[0.165132,0.11443536,0.0512693,1.0],"emissive":[0.052860666,0.045186155,0.045186155,1.0]},"fog":{"enable":true,"near":2.0,"far":40000.0,"color":[0.14126353,0.099898964,0.07618522,1.0]},"sky_box":{"scale":[3500.0,3500.0,3500.0],"gradient_level_upper":5,"gradient_level_lower":1,"gradient":[[0.003676522,0.0015176471,0.0015176471,1.0],[0.008568114,0.003676522,0.003676522,1.0],[0.01850021,0.0060488055,0.0060488055,1.0],[0.026241334,0.0030352941,0.0030352941,1.0],[0.097587325,0.045186155,0.045186155,1.0],[0.14126353,0.099898964,0.07618522,1.0]],"cloud_scale":[0.0,0.0],"cloud_height":0.0,"cloud_texture_scale":[0.0,0.0],"cloud_speed":[0.0,0.0],"cloud_texture_file":"\"d:/ymir","cloud_colors":[[0.0,0.0,0.0,0.0],[0.0,0.0,0.0,0.0]]}}