{"directional_light":{"direction":[0.411789,0.910903,0.026193],"background":{"enable":true,"diffuse":[1.0,1.0,1.0,1.0],"ambient":[0.247059,0.313726,0.309804,1.0]},"character":{"enable":true,"diffuse":[1.0,1.0,1.0,1.0],"ambient":[0.397059,0.463726,0.459804,1.0]}},"material":{"diffuse":[1.0,1.0,1.0,1.0],"ambient":[0.494118,0.447059,0.313726,1.0],"emissive":[0.2,0.2,0.2,1.0]},"fog":{"enable":true,"near":0.0,"far":18000.0,"color":[0.301961,0.109804,0.109804,0.0]},"sky_box":{"scale":[3500.0,3500.0,3500.0],"gradient_level_upper":1,"gradient_level_lower":1,"cloud_scale":[0.0,0.0],"cloud_height":0.0,"cloud_texture_scale":[0.0,0.0],"cloud_speed":[0.0,0.0],"cloud_texture_file":"\"D:\\YMIR","cloud_colors":[[0.0,0.0,0.0,0.0],[0.0,0.0,0.0,0.0]],"cloud_gradient":[[0.0,0.0,0.0,0.0],[0.0,0.0,0.0,0.0],[0.0,0.0,0.0,0.0],[0.0,0.0,0.0,0.0],[0.0,0.0,0.0,0.0],[0.0,0.0,0.0,0.0],[0.0,0.0,0.0,0.0],[0.0,0.0,0.0,0.0],[0.0,0.0,0.0,0.0],[0.0,0.0,0.0,0.0]]}}