{"directional_light":{"direction":[0.411789,0.910903,0.026193],"background":{"enable":true,"diffuse":[1.0,1.0,1.0,1.0],"ambient":[0.049706638,0.08022009,0.078187466,1.0]},"character":{"enable":true,"diffuse":[1.0,1.0,1.0,1.0],"ambient":[0.13081647,0.18198907,0.17870419,1.0]}},"material":{"diffuse":[1.0,1.0,1.0,1.0],"ambient":[0.2086372,0.16826953,0.08022009,1.0],"emissive":[0.033104762,0.033104762,0.033104762,1.0]},"fog":{"enable":true,"near":0.0,"far":18000.0,"color":[0.01850021,0.004777,0.0051815053,1.0]},"sky_box":{"scale":[3500.0,3500.0,3500.0],"gradient_level_upper":1,"gradient_level_lower":1,"gradient":[[0.0,0.006512114,0.019382447,1.0],[0.023153396,0.00749904,0.0,1.0],[0.0,0.0,0.0,1.0],[0.0,0.0,0.0,1.0],[0.0,1.0,0.0,1.0],[0.0,0.0,0.0,1.0]],"cloud_scale":[0.0,0.0],"cloud_height":0.0,"cloud_texture_scale":[0.0,0.0],"cloud_speed":[0.0,0.0],"cloud_texture_file":"\"D:\\YMIR","cloud_colors":[[0.0,0.0,0.0,0.0],[0.0,0.0,0.0,0.0]]}}