{"directional_light":{"direction":[0.590855,0.453329,-0.66737],"background":{"enable":true,"diffuse":[0.27467698,0.06124614,0.11953833,1.0],"ambient":[0.76815116,0.2086372,0.2086372,1.0]},"character":{"enable":true,"diffuse":[0.27467698,0.06124614,0.11953833,1.0],"ambient":[1.093892,0.3724906,0.3724906,1.0]}},"material":{"diffuse":[0.42326784,0.24228132,0.7230557,1.0],"ambient":[0.13843152,0.28314826,0.08437642,1.0],"emissive":[0.41254294,0.27049813,0.27049813,1.0]},"fog":{"enable":true,"near":5.0,"far":150.0,"color":[0.014443802,0.004391445,0.004391445,1.0]},"sky_box":{"scale":[3500.0,3500.0,3500.0],"gradient_level_upper":1,"gradient_level_lower":1,"gradient":[[0.5775809,0.21952593,0.27889445,1.0],[0.08650036,0.04373519,0.00749904,1.0],[0.0,0.0,0.0,1.0],[0.0,0.0,0.0,1.0],[0.0,1.0,0.0,1.0],[0.0,0.0,0.0,1.0]],"cloud_scale":[2000.0,2000.0],"cloud_height":300.0,"cloud_texture_scale":[4.0,4.0],"cloud_speed":[0.001,0.001],"cloud_texture_file":"pack/environment/clouds_zone05.png","cloud_colors":[[0.0,0.0,0.0,0.0],[0.0,0.0,0.0,0.0]]}}