{"directional_light":{"direction":[0.590855,0.453329,-0.66737],"background":{"enable":true,"diffuse":[0.560784,0.27451,0.380392,1.0],"ambient":[0.890196,0.494118,0.494118,1.0]},"character":{"enable":true,"diffuse":[0.560784,0.27451,0.380392,1.0],"ambient":[1.040196,0.644118,0.644118,1.0]}},"material":{"diffuse":[0.682353,0.529412,0.866667,1.0],"ambient":[0.407843,0.568627,0.321569,1.0],"emissive":[0.67451,0.556863,0.556863,1.0]},"fog":{"enable":true,"near":500.0,"far":15000.0,"color":[0.294118,0.094118,0.094118,0.0]},"sky_box":{"scale":[3500.0,3500.0,3500.0],"gradient_level_upper":1,"gradient_level_lower":1,"cloud_scale":[0.0,0.0],"cloud_height":0.0,"cloud_texture_scale":[0.0,0.0],"cloud_speed":[0.0,0.0],"cloud_texture_file":"\"D:\\Ymir","cloud_colors":[[0.0,0.0,0.0,0.0],[0.0,0.0,0.0,0.0]],"cloud_gradient":[[0.0,0.0,0.0,0.0],[0.0,0.0,0.0,0.0],[0.0,0.0,0.0,0.0],[0.0,0.0,0.0,0.0],[0.0,0.0,0.0,0.0],[0.0,0.0,0.0,0.0],[0.0,0.0,0.0,0.0],[0.0,0.0,0.0,0.0],[0.0,0.0,0.0,0.0],[0.0,0.0,0.0,0.0]]}}